<?xml version="1.0" encoding="UTF-8"?>
<config xmlns="http://www.knime.org/2008/09/XMLConfig" xmlns:xsi="http://www.w3.org/2001/XMLSchema-instance" xsi:schemaLocation="http://www.knime.org/2008/09/XMLConfig http://www.knime.org/XMLConfig_2008_09.xsd" key="model.xml">
<entry key="version" type="xint" value="1"/>
<entry key="class_name" type="xstring" value="org.knime.base.data.normalize.NormalizerPortObject"/>
<config key="model">
<config key="columns">
<config key="number_of_jets">
<entry key="column_name" type="xstring" value="number_of_jets"/>
<entry key="column_scale" type="xdouble" value="0.8161736480536568"/>
<entry key="column_translate" type="xdouble" value="-5.734681375096085"/>
<entry key="column_min" type="xdouble" value="NaN"/>
<entry key="column_max" type="xdouble" value="NaN"/>
</config>
<config key="jet_max_pt">
<entry key="column_name" type="xstring" value="jet_max_pt"/>
<entry key="column_scale" type="xdouble" value="0.0050331762005281855"/>
<entry key="column_translate" type="xdouble" value="-1.5208966203864416"/>
<entry key="column_min" type="xdouble" value="NaN"/>
<entry key="column_max" type="xdouble" value="NaN"/>
</config>
<config key="jets_max_mass">
<entry key="column_name" type="xstring" value="jets_max_mass"/>
<entry key="column_scale" type="xdouble" value="0.02812216579287847"/>
<entry key="column_translate" type="xdouble" value="-1.4284423270089501"/>
<entry key="column_min" type="xdouble" value="NaN"/>
<entry key="column_max" type="xdouble" value="NaN"/>
</config>
<config key="jets_max_eta">
<entry key="column_name" type="xstring" value="jets_max_eta"/>
<entry key="column_scale" type="xdouble" value="0.8822433174717474"/>
<entry key="column_translate" type="xdouble" value="-1.8987220041106432"/>
<entry key="column_min" type="xdouble" value="NaN"/>
<entry key="column_max" type="xdouble" value="NaN"/>
</config>
<config key="jets_max_phi">
<entry key="column_name" type="xstring" value="jets_max_phi"/>
<entry key="column_scale" type="xdouble" value="1.6154211022454832"/>
<entry key="column_translate" type="xdouble" value="-3.901713096153162"/>
<entry key="column_min" type="xdouble" value="NaN"/>
<entry key="column_max" type="xdouble" value="NaN"/>
</config>
<config key="electron_Pt">
<entry key="column_name" type="xstring" value="electron_Pt"/>
<entry key="column_scale" type="xdouble" value="1.8689928997972904"/>
<entry key="column_translate" type="xdouble" value="-0.017000510022951183"/>
<entry key="column_min" type="xdouble" value="NaN"/>
<entry key="column_max" type="xdouble" value="NaN"/>
</config>
<config key="muon_Pt">
<entry key="column_name" type="xstring" value="muon_Pt"/>
<entry key="column_scale" type="xdouble" value="0.011242976323745255"/>
<entry key="column_translate" type="xdouble" value="-1.021015330751853"/>
<entry key="column_min" type="xdouble" value="NaN"/>
<entry key="column_max" type="xdouble" value="NaN"/>
</config>
<config key="muon_eta">
<entry key="column_name" type="xstring" value="muon_eta"/>
<entry key="column_scale" type="xdouble" value="1.0133688021385068"/>
<entry key="column_translate" type="xdouble" value="-0.048741782088304854"/>
<entry key="column_min" type="xdouble" value="NaN"/>
<entry key="column_max" type="xdouble" value="NaN"/>
</config>
<config key="muon_phi">
<entry key="column_name" type="xstring" value="muon_phi"/>
<entry key="column_scale" type="xdouble" value="0.5610280708104847"/>
<entry key="column_translate" type="xdouble" value="-0.013765427513615197"/>
<entry key="column_min" type="xdouble" value="NaN"/>
<entry key="column_max" type="xdouble" value="NaN"/>
</config>
<config key="muon_T">
<entry key="column_name" type="xstring" value="muon_T"/>
<entry key="column_scale" type="xdouble" value="4.498105158010145E8"/>
<entry key="column_translate" type="xdouble" value="-2.9048715531636065"/>
<entry key="column_min" type="xdouble" value="NaN"/>
<entry key="column_max" type="xdouble" value="NaN"/>
</config>
<config key="met_pt">
<entry key="column_name" type="xstring" value="met_pt"/>
<entry key="column_scale" type="xdouble" value="0.01057056255264253"/>
<entry key="column_translate" type="xdouble" value="-1.2460130474214741"/>
<entry key="column_min" type="xdouble" value="NaN"/>
<entry key="column_max" type="xdouble" value="NaN"/>
</config>
<config key="met_m">
<entry key="column_name" type="xstring" value="met_m"/>
<entry key="column_scale" type="xdouble" value="0.3264748018769106"/>
<entry key="column_translate" type="xdouble" value="-0.0018152082322869438"/>
<entry key="column_min" type="xdouble" value="NaN"/>
<entry key="column_max" type="xdouble" value="NaN"/>
</config>
<config key="NCh">
<entry key="column_name" type="xstring" value="NCh"/>
<entry key="column_scale" type="xdouble" value="0.1157463379456534"/>
<entry key="column_translate" type="xdouble" value="-1.9657140358452412"/>
<entry key="column_min" type="xdouble" value="NaN"/>
<entry key="column_max" type="xdouble" value="NaN"/>
</config>
<config key="NNeu">
<entry key="column_name" type="xstring" value="NNeu"/>
<entry key="column_scale" type="xdouble" value="0.13222030061536955"/>
<entry key="column_translate" type="xdouble" value="-1.9335117197213454"/>
<entry key="column_min" type="xdouble" value="NaN"/>
<entry key="column_max" type="xdouble" value="NaN"/>
</config>
<config key="Flava">
<entry key="column_name" type="xstring" value="Flava"/>
<entry key="column_scale" type="xdouble" value="0.23154831591017136"/>
<entry key="column_translate" type="xdouble" value="-1.019347961833445"/>
<entry key="column_min" type="xdouble" value="NaN"/>
<entry key="column_max" type="xdouble" value="NaN"/>
</config>
<config key="number_of_fat_jets">
<entry key="column_name" type="xstring" value="number_of_fat_jets"/>
<entry key="column_scale" type="xdouble" value="0.8863903396053316"/>
<entry key="column_translate" type="xdouble" value="-1.1305319562654135"/>
<entry key="column_min" type="xdouble" value="NaN"/>
<entry key="column_max" type="xdouble" value="NaN"/>
</config>
<config key="fat_jet_max_pt">
<entry key="column_name" type="xstring" value="fat_jet_max_pt"/>
<entry key="column_scale" type="xdouble" value="0.003973086471108036"/>
<entry key="column_translate" type="xdouble" value="-1.1566246376658271"/>
<entry key="column_min" type="xdouble" value="NaN"/>
<entry key="column_max" type="xdouble" value="NaN"/>
</config>
<config key="fat_jets_max_mass">
<entry key="column_name" type="xstring" value="fat_jets_max_mass"/>
<entry key="column_scale" type="xdouble" value="0.016055059594773533"/>
<entry key="column_translate" type="xdouble" value="-1.1936482092804817"/>
<entry key="column_min" type="xdouble" value="NaN"/>
<entry key="column_max" type="xdouble" value="NaN"/>
</config>
<config key="number_of_photon">
<entry key="column_name" type="xstring" value="number_of_photon"/>
<entry key="column_scale" type="xdouble" value="8.543564019511866"/>
<entry key="column_translate" type="xdouble" value="-0.11358495517270112"/>
<entry key="column_min" type="xdouble" value="NaN"/>
<entry key="column_max" type="xdouble" value="NaN"/>
</config>
<config key="photon_max_pt">
<entry key="column_name" type="xstring" value="photon_max_pt"/>
<entry key="column_scale" type="xdouble" value="0.08697671487320309"/>
<entry key="column_translate" type="xdouble" value="-0.061160891041619515"/>
<entry key="column_min" type="xdouble" value="NaN"/>
<entry key="column_max" type="xdouble" value="NaN"/>
</config>
<config key="photon_max_energy">
<entry key="column_name" type="xstring" value="photon_max_energy"/>
<entry key="column_scale" type="xdouble" value="0.05389356774496038"/>
<entry key="column_translate" type="xdouble" value="-0.06394752138467896"/>
<entry key="column_min" type="xdouble" value="NaN"/>
<entry key="column_max" type="xdouble" value="NaN"/>
</config>
<config key="photon_max_eta">
<entry key="column_name" type="xstring" value="photon_max_eta"/>
<entry key="column_scale" type="xdouble" value="8.063840116535898"/>
<entry key="column_translate" type="xdouble" value="-0.020941266531887187"/>
<entry key="column_min" type="xdouble" value="NaN"/>
<entry key="column_max" type="xdouble" value="NaN"/>
</config>
<config key="photon_max_phi">
<entry key="column_name" type="xstring" value="photon_max_phi"/>
<entry key="column_scale" type="xdouble" value="4.415710736866144"/>
<entry key="column_translate" type="xdouble" value="0.001354531347240508"/>
<entry key="column_min" type="xdouble" value="NaN"/>
<entry key="column_max" type="xdouble" value="NaN"/>
</config>
</config>
<entry key="summary" type="xstring" value="Z-Score (Gaussian) normalization on 23 column(s)"/>
</config>
</config>
