<?xml version="1.0" encoding="UTF-8"?>
<config xmlns="http://www.knime.org/2008/09/XMLConfig" xmlns:xsi="http://www.w3.org/2001/XMLSchema-instance" xsi:schemaLocation="http://www.knime.org/2008/09/XMLConfig http://www.knime.org/XMLConfig_2008_09.xsd" key="model.xml">
<entry key="version" type="xint" value="1"/>
<entry key="class_name" type="xstring" value="org.knime.base.data.normalize.NormalizerPortObject"/>
<config key="model">
<config key="columns">
<config key="number_of_jets">
<entry key="column_name" type="xstring" value="number_of_jets"/>
<entry key="column_scale" type="xdouble" value="1.0101593141230523"/>
<entry key="column_translate" type="xdouble" value="-6.735368606017008"/>
<entry key="column_min" type="xdouble" value="NaN"/>
<entry key="column_max" type="xdouble" value="NaN"/>
</config>
<config key="jet_max_pt">
<entry key="column_name" type="xstring" value="jet_max_pt"/>
<entry key="column_scale" type="xdouble" value="0.004917607898502034"/>
<entry key="column_translate" type="xdouble" value="-1.513725262014617"/>
<entry key="column_min" type="xdouble" value="NaN"/>
<entry key="column_max" type="xdouble" value="NaN"/>
</config>
<config key="jets_max_mass">
<entry key="column_name" type="xstring" value="jets_max_mass"/>
<entry key="column_scale" type="xdouble" value="0.029133394471587852"/>
<entry key="column_translate" type="xdouble" value="-1.7011884008791713"/>
<entry key="column_min" type="xdouble" value="NaN"/>
<entry key="column_max" type="xdouble" value="NaN"/>
</config>
<config key="jets_max_eta">
<entry key="column_name" type="xstring" value="jets_max_eta"/>
<entry key="column_scale" type="xdouble" value="0.8512919394130538"/>
<entry key="column_translate" type="xdouble" value="-1.8161678820844365"/>
<entry key="column_min" type="xdouble" value="NaN"/>
<entry key="column_max" type="xdouble" value="NaN"/>
</config>
<config key="jets_max_phi">
<entry key="column_name" type="xstring" value="jets_max_phi"/>
<entry key="column_scale" type="xdouble" value="1.5752176791393981"/>
<entry key="column_translate" type="xdouble" value="-3.74294588647665"/>
<entry key="column_min" type="xdouble" value="NaN"/>
<entry key="column_max" type="xdouble" value="NaN"/>
</config>
<config key="electron_Pt">
<entry key="column_name" type="xstring" value="electron_Pt"/>
<entry key="column_scale" type="xdouble" value="1.0"/>
<entry key="column_translate" type="xdouble" value="-0.0"/>
<entry key="column_min" type="xdouble" value="NaN"/>
<entry key="column_max" type="xdouble" value="NaN"/>
</config>
<config key="muon_Pt">
<entry key="column_name" type="xstring" value="muon_Pt"/>
<entry key="column_scale" type="xdouble" value="0.011147782253537884"/>
<entry key="column_translate" type="xdouble" value="-0.9414147973233936"/>
<entry key="column_min" type="xdouble" value="NaN"/>
<entry key="column_max" type="xdouble" value="NaN"/>
</config>
<config key="muon_eta">
<entry key="column_name" type="xstring" value="muon_eta"/>
<entry key="column_scale" type="xdouble" value="1.0024706446353897"/>
<entry key="column_translate" type="xdouble" value="-0.0364463397508326"/>
<entry key="column_min" type="xdouble" value="NaN"/>
<entry key="column_max" type="xdouble" value="NaN"/>
</config>
<config key="muon_phi">
<entry key="column_name" type="xstring" value="muon_phi"/>
<entry key="column_scale" type="xdouble" value="0.5586141336752072"/>
<entry key="column_translate" type="xdouble" value="-0.00696316282955557"/>
<entry key="column_min" type="xdouble" value="NaN"/>
<entry key="column_max" type="xdouble" value="NaN"/>
</config>
<config key="muon_T">
<entry key="column_name" type="xstring" value="muon_T"/>
<entry key="column_scale" type="xdouble" value="4.4562778363540685E8"/>
<entry key="column_translate" type="xdouble" value="-2.8924984441922303"/>
<entry key="column_min" type="xdouble" value="NaN"/>
<entry key="column_max" type="xdouble" value="NaN"/>
</config>
<config key="met_pt">
<entry key="column_name" type="xstring" value="met_pt"/>
<entry key="column_scale" type="xdouble" value="0.010287607092990614"/>
<entry key="column_translate" type="xdouble" value="-1.142794407302417"/>
<entry key="column_min" type="xdouble" value="NaN"/>
<entry key="column_max" type="xdouble" value="NaN"/>
</config>
<config key="met_m">
<entry key="column_name" type="xstring" value="met_m"/>
<entry key="column_scale" type="xdouble" value="0.31361718051185744"/>
<entry key="column_translate" type="xdouble" value="0.005245581270002546"/>
<entry key="column_min" type="xdouble" value="NaN"/>
<entry key="column_max" type="xdouble" value="NaN"/>
</config>
<config key="NCh">
<entry key="column_name" type="xstring" value="NCh"/>
<entry key="column_scale" type="xdouble" value="0.11654613566180272"/>
<entry key="column_translate" type="xdouble" value="-2.116255510180368"/>
<entry key="column_min" type="xdouble" value="NaN"/>
<entry key="column_max" type="xdouble" value="NaN"/>
</config>
<config key="NNeu">
<entry key="column_name" type="xstring" value="NNeu"/>
<entry key="column_scale" type="xdouble" value="0.13307041638501715"/>
<entry key="column_translate" type="xdouble" value="-2.0770138256857953"/>
<entry key="column_min" type="xdouble" value="NaN"/>
<entry key="column_max" type="xdouble" value="NaN"/>
</config>
<config key="Flava">
<entry key="column_name" type="xstring" value="Flava"/>
<entry key="column_scale" type="xdouble" value="0.24351859476209498"/>
<entry key="column_translate" type="xdouble" value="-0.9581682511824173"/>
<entry key="column_min" type="xdouble" value="NaN"/>
<entry key="column_max" type="xdouble" value="NaN"/>
</config>
<config key="number_of_fat_jets">
<entry key="column_name" type="xstring" value="number_of_fat_jets"/>
<entry key="column_scale" type="xdouble" value="0.8817123817167264"/>
<entry key="column_translate" type="xdouble" value="-1.1429133040461013"/>
<entry key="column_min" type="xdouble" value="NaN"/>
<entry key="column_max" type="xdouble" value="NaN"/>
</config>
<config key="fat_jet_max_pt">
<entry key="column_name" type="xstring" value="fat_jet_max_pt"/>
<entry key="column_scale" type="xdouble" value="0.0039416000449599255"/>
<entry key="column_translate" type="xdouble" value="-1.1614283360877833"/>
<entry key="column_min" type="xdouble" value="NaN"/>
<entry key="column_max" type="xdouble" value="NaN"/>
</config>
<config key="fat_jets_max_mass">
<entry key="column_name" type="xstring" value="fat_jets_max_mass"/>
<entry key="column_scale" type="xdouble" value="0.016145429170120823"/>
<entry key="column_translate" type="xdouble" value="-1.2127623163498285"/>
<entry key="column_min" type="xdouble" value="NaN"/>
<entry key="column_max" type="xdouble" value="NaN"/>
</config>
<config key="number_of_photon">
<entry key="column_name" type="xstring" value="number_of_photon"/>
<entry key="column_scale" type="xdouble" value="12.30437748441062"/>
<entry key="column_translate" type="xdouble" value="-0.08179210466515721"/>
<entry key="column_min" type="xdouble" value="NaN"/>
<entry key="column_max" type="xdouble" value="NaN"/>
</config>
<config key="photon_max_pt">
<entry key="column_name" type="xstring" value="photon_max_pt"/>
<entry key="column_scale" type="xdouble" value="0.09638286351662921"/>
<entry key="column_translate" type="xdouble" value="-0.04636468046050312"/>
<entry key="column_min" type="xdouble" value="NaN"/>
<entry key="column_max" type="xdouble" value="NaN"/>
</config>
<config key="photon_max_energy">
<entry key="column_name" type="xstring" value="photon_max_energy"/>
<entry key="column_scale" type="xdouble" value="0.08624306317457496"/>
<entry key="column_translate" type="xdouble" value="-0.05383682391248072"/>
<entry key="column_min" type="xdouble" value="NaN"/>
<entry key="column_max" type="xdouble" value="NaN"/>
</config>
<config key="photon_max_eta">
<entry key="column_name" type="xstring" value="photon_max_eta"/>
<entry key="column_scale" type="xdouble" value="11.04401386643726"/>
<entry key="column_translate" type="xdouble" value="-0.04295296421858795"/>
<entry key="column_min" type="xdouble" value="NaN"/>
<entry key="column_max" type="xdouble" value="NaN"/>
</config>
<config key="photon_max_phi">
<entry key="column_name" type="xstring" value="photon_max_phi"/>
<entry key="column_scale" type="xdouble" value="7.1816301294709755"/>
<entry key="column_translate" type="xdouble" value="-0.01855395161039592"/>
<entry key="column_min" type="xdouble" value="NaN"/>
<entry key="column_max" type="xdouble" value="NaN"/>
</config>
</config>
<entry key="summary" type="xstring" value="Z-Score (Gaussian) normalization on 23 column(s)"/>
</config>
</config>
