<?xml version="1.0" encoding="UTF-8"?>
<config xmlns="http://www.knime.org/2008/09/XMLConfig" xmlns:xsi="http://www.w3.org/2001/XMLSchema-instance" xsi:schemaLocation="http://www.knime.org/2008/09/XMLConfig http://www.knime.org/XMLConfig_2008_09.xsd" key="MiningSchema">
<config key="learning">
<entry key="array-size" type="xint" value="23"/>
<entry key="0" type="xstring" value="number_of_jets"/>
<entry key="1" type="xstring" value="jet_max_pt"/>
<entry key="2" type="xstring" value="jets_max_mass"/>
<entry key="3" type="xstring" value="jets_max_eta"/>
<entry key="4" type="xstring" value="jets_max_phi"/>
<entry key="5" type="xstring" value="electron_Pt"/>
<entry key="6" type="xstring" value="muon_Pt"/>
<entry key="7" type="xstring" value="muon_eta"/>
<entry key="8" type="xstring" value="muon_phi"/>
<entry key="9" type="xstring" value="muon_T"/>
<entry key="10" type="xstring" value="met_pt"/>
<entry key="11" type="xstring" value="met_m"/>
<entry key="12" type="xstring" value="NCh"/>
<entry key="13" type="xstring" value="NNeu"/>
<entry key="14" type="xstring" value="Flava"/>
<entry key="15" type="xstring" value="number_of_fat_jets"/>
<entry key="16" type="xstring" value="fat_jet_max_pt"/>
<entry key="17" type="xstring" value="fat_jets_max_mass"/>
<entry key="18" type="xstring" value="number_of_photon"/>
<entry key="19" type="xstring" value="photon_max_pt"/>
<entry key="20" type="xstring" value="photon_max_energy"/>
<entry key="21" type="xstring" value="photon_max_eta"/>
<entry key="22" type="xstring" value="photon_max_phi"/>
</config>
<config key="target">
<entry key="array-size" type="xint" value="1"/>
<entry key="0" type="xstring" value="label"/>
</config>
</config>
